Etiquetage,Modèle,Numéro de Série,Service,Utilisateur,Date de Garantie,OS,Version,Commune
ALIG-MED1,DELL OptiPlex 7450 AIO,DTV5JN2,Mairie,mediatheque,20/02/2022,W10,21H1,Alignan
ALIG-PC001,DELL OptiPlex 3020,8GTNW02,Mairie,Celine PASTOR,18/04/2018,W10,21H1,Alignan
ALIG-PC003,HP HP 280 G1 MT,CZC50641GZ,Mairie,accueil,11/03/2016,W10,21H1,Alignan
ALIG-PC006,OEM,OEM,Mairie,Magaly Larose,X,W10,21H1,Alignan
ALIG-PC007,DELL Precision 3630 Tower,JM75BS2,Mairie,Jessy LOUKBAICHI,17/10/2022,W10,21H1,Alignan
ALIG-PC008,DELL OptiPlex 5490 AIO,1B43FM3,Mairie,Carole SABATIER,11/01/2027,W10,20H2,Alignan
ALIG-PC009,DELL OptiPlex 5400 AIO,2BD9MW3,Mairie,accueil,22/03/2028,W11,22H2,Alignan
ALI-MED-PUB01,DELL OptiPlex 7450 AIO,DTV2JN2,Mairie,admin,20/02/2022,W10,22H2,Alignan
ALI-MED-PUB02,DELL OptiPlex 7450 AIO,DTT3JN2,Mairie,admin,20/02/2022,W10,22H2,Alignan
Classe3,Latitude 5580,JSM1GH2,Ecole,classe3,30/08/2021,W10,21H1,Alignan
Classe4,Lenovo Thinkpad,M59P2,Ecole,classe4,,W10,20H2,Alignan
BASSAN-PC0014,DELL OptiPlex Micro Plus 7020,6VP1674,Mairie,reginecordonnier,11/12/2029,W10,20H2,Bassan
BASSAN-PC0004,DELL OptiPlex 7460 AIO,308SXW2,Mairie,bahijagleize,25/04/2023,W10,22H2,Bassan
BASSAN-PC0007,DELL OptiPlex 7470 AIO,J1SFD53,Mairie,alainbiola,01/07/2025,W11,22H2,Bassan
BASSAN-PC0006,DELL OptiPlex 7470 AIO,G1SFD53,Mairie,eleanoroldham,01/07/2025,W10,20H2,Bassan
BASSAN-PC0013,DELL OptiPlex Micro Plus 7020,9VP1674,Mairie,corinnewisniewski,11/12/2029,W10,20H2,Bassan
BASSAN-PC0012,DELL OptiPlex Micro Plus 7020,2VP1674,Mairie,catherinemallie,11/12/2029,W10,20H2,Bassan
BASSAN-PC0010,Lenovo 21E7S3LN00,PF4F2DRJ,Mairie,julienbardiere,31/08/2028,W11,22H2,Bassan
BASSAN-PC0005,DELL OptiPlex 7470 AIO,H1SFD53,Mairie,sebastienblanco,01/07/2025,W10,20H2,Bassan
BASSAN-PC0011,LENOVO 12SCA01QFR,MP2AQ3QP,Mairie,carolehugues,28/05/2029,W11,23H2,Bassan
BOUJAN-EC-01,DELL OptiPlex 5400 AIO,G7J9MW3,Ecole,directeur,22/03/2028,W11,22H2,Boujan
BOUJAN-PC0001,DELL OptiPlex 7450 AIO,7QX1YK2,Mairie,p.servel,27/07/2021,W10,22H2,Boujan
BOUJAN-PC0002,DELL OptiPlex 7450 AIO,7PVTXK2,Mairie,i.momboisse,27/07/2021,W10,22H2,Boujan
BOUJAN-PC0003,DELL OptiPlex 3050 AIO,BGRPYW2,Mairie,sylvie.albert,05/05/2023,W10,22H2,Boujan
BOUJAN-PC0004,DELL OptiPlex 7470 AIO,73BND43,Mairie,a.dominguez,29/05/2025,W10,22H2,Boujan
BOUJAN-PC0004,DELL OptiPlex 3050 AIO,9GRPYW2,Mairie,Utilisateur,05/05/2023,W10,22H2,Boujan
BOUJAN-PC0005,DELL OptiPlex 7480 AIO,FCP8263,Mairie,jeanfrancois.jacquet,25/08/2025,W10,21H2,Boujan
BOUJAN-PC0005,DELL OptiPlex 3050 AIO,CGRPYW2,Mairie,Espac,05/05/2023,W10,22H2,Boujan
BOUJAN-PC0006,DELL OptiPlex 7480 AIO,DCP8263,Mairie,c.deparis,25/08/2025,W10,22H2,Boujan
BOUJAN-PC0007,DELL OptiPlex 5490 AIO,B943FM3,Mairie,x,11/01/2027,W10,22H2,Boujan
BOUJAN-PC0008,DELL OptiPlex 5490 AIO,FB43FM3,Mairie,Rene.Argelies,11/01/2027,W10,22H2,Boujan
BOUJAN-PC0009,DELL OptiPlex 5490 AIO,G943FM3,Mairie,monique.crebassa,11/01/2027,W10,22H2,Boujan
BOUJAN-PC0010,DELL OptiPlex 5490 AIO,6843FM3,Mairie,Isabelleb,11/01/2027,W10,22H2,Boujan
BOUJAN-PC0011,DELL OptiPlex 5400 AIO,96D9MW3,Mairie,sylvie.albert,22/03/2028,W11,22h2,Boujan
BOUJAN-PO0001,DELL OptiPlex 5490 AIO,,Mairie,perrine.servel,,W10,22H2,Boujan
BOUJAN-PO0002,DELL Latitude 3500,7MRBGW2,Mairie,p.jeanfrancois,16/11/2024,W10,22H2,Boujan
BOUJAN-PO0003,DELL OptiPlex 5490 AIO,,Mairie,maire,,W10,22H2,Boujan
PC-POLICE1,HP ProDesk 405 G1,CZC4213P8L,Mairie,c.deparis,03/07/2017,W7,SP1,Boujan
DESKTOP-L0MJ65P,OEM,X,Mairie,User,X,W11,22H2,Boujan
DESKTOP-HOJ0PP1,OEM,X,Mairie,User,X,W11,22H2,Boujan
DESKTOP-KVEOKNN,OEM,X,Mairie,User,X,W11,22H2,Boujan
BOUJAN-EC-02,Gateway DT55,X,Ecole,classe1,x,W7,SP1,Boujan
BOUJAN-EC-03,Gateway DT55,X,Ecole,classe1,x,W7,SP1,Boujan
BOUJAN-EC-04,Fujitsu F762,X,Ecole,classe1,x,W10,20H1,Boujan
BOUJAN-EC-05,Gateway DT55,X,Ecole,classe2,x,W7,SP1,Boujan
BOUJAN-EC-06,Gateway DT55,X,Ecole,classe2,x,W7,SP1,Boujan
BOUJAN-EC-07,Fujitsu F762,X,Ecole,classe2,x,W10,20H1,Boujan
BOUJAN-EC-08,Gateway DT55,X,Ecole,classe2,x,W7,SP1,Boujan
BOUJAN-EC-09,Gateway DT55,X,Ecole,classe3,x,W7,SP1,Boujan
BOUJAN-EC-10,Fujitsu F762,X,Ecole,classe3,x,W10,20H1,Boujan
BOUJAN-EC-11,Gateway DT55,X,Ecole,classe3,x,W7,SP1,Boujan
BOUJAN-EC-12,Gateway DT55,X,Ecole,classe4,x,W7,SP1,Boujan
BOUJAN-EC-13,Fujitsu F762,X,Ecole,classe4,x,W10,20H1,Boujan
BOUJAN-EC-14,Gateway DT55,X,Ecole,classe4,x,W7,SP1,Boujan
BOUJAN-EC-15,Gateway DT55,X,Ecole,classe5,x,W7,SP1,Boujan
BOUJAN-EC-16,Fujitsu F762,X,Ecole,classe5,x,W10,20H1,Boujan
BOUJAN-EC-17,Gateway DT55,X,Ecole,classe5,x,W7,SP1,Boujan
BOUJAN-EC-18,Gateway DT55,X,Ecole,classe6,x,W7,SP1,Boujan
BOUJAN-EC-19,Fujitsu F762,X,Ecole,classe6,x,W10,20H1,Boujan
BOUJAN-EC-20,Gateway DT55,X,Ecole,classe6,x,W7,SP1,Boujan
BOUJAN-EC-21,Gateway DT55,X,Ecole,classe7,x,W7,SP1,Boujan
BOUJAN-EC-22,Fujitsu F762,X,Ecole,classe7,x,W10,20H1,Boujan
BOUJAN-EC-23,Gateway DT55,X,Ecole,classe7,x,W7,SP1,Boujan
BOUJAN-EC-24,Gateway DT55,X,Ecole,profs,x,W7,SP1,Boujan
CERS-PC0005,DELL OptiPlex 3050 AIO,HTLYKV2,Mairie,elisabethrousset,22/02/2023,W10,22H2,Cers
CERS-PC0010,DELL OptiPlex 5490 AIO,HMRVVM3,Mairie,isabellefrappa,02/02/2027,W11,22H2,Cers
CERS-PC0001,DELL OptiPlex 7450 AIO,2390HL2,Mairie,Myriam,23/08/2021,W10,22H2,Cers
CERS-PC0002,DELL OptiPlex 7460 AIO,JJZL2T2,Mairie,Kylian ROLIN,30/11/2022,W10,22H2,Cers
CERS-PC0003,DELL OptiPlex 7460 AIO,6NZL2T2,Mairie,Carine,30/11/2022,W10,22H2,Cers
CERS-PC0004,DELL OptiPlex 7460 AIO,1VLYKV2,Mairie,Said,22/02/2023,W10,22H2,Cers
CERS-PC0008,DELL OptiPlex 7470 AIO,FS2NZ23,Mairie,dgs,07/02/2025,W11,22H2,Cers
CERS-PC0009,DELL OptiPlex 7470 AIO,6T2NZ23,Mairie,amandinebrochet,07/02/2025,W10,22H2,Cers
?,FUJITSU ( Tour),?,Mairie,adj. au Maire,,W7,,Cers
?,TOSHIBA (Portable),?,Mairie,Posté Elu,,W7,,Cers
COR-PC0001,DELL OptiPlex 7470 AIO,CFKGY23,Mairie,Valerie,04/02/2025,W10,22H2,Corneilhan
COR-PC0002,DELL OptiPlex 7470 AIO,FFKGY23,Mairie,ACCUEIL,04/02/2025,W11,22H2,Corneilhan
COR-PC0003,DELL OptiPlex 7470 AIO,DFKGY23,Mairie,DGS,04/02/2025,W11,22H2,Corneilhan
COR-PC003,DELL OptiPlex 3050 AIO,7QMXXK2,Mairie,URBANISME,27/01/2021,W10,21H1,Corneilhan
COR-PC004,DELL OptiPlex 7470 AIO,B4BND43,Mairie,SANDRINE,29/05/2025,W10,20H2,Corneilhan
COR-PC005,DELL Latitude 3510,4LKCN93,Mairie,TECHNIQUE,13/02/2026,W10,20H2,Corneilhan
COR-PC008,Lenovo 12B0A060FR,MP2DSM8Y,Mairie,CHRISTOL,01/05/2028,W11,22H2,Corneilhan
CORN-EC-01,Lenovo 21E7S48000,PF4C7AFT,Ecole,DIRECTION,01/06/2028,W11,22H2,Corneilhan
STEPHANIE,HP ProDesk 600 G1 SFF,CZC4221KSZ,Mairie,urbanisme,28/06/2017,W7,SP1,Corneilhan
TAB-001,Microsoft Surface PRO7+,21075613153,Mairie,Bertrand,03/11/2023,W10,22H2,Corneilhan
URBANISME,Lenovo 10DU0005FR,PC04U4BS,Mairie,URBANISME,01/06/2016,W10,20H2,Corneilhan
DEKSTOP-NSVUVSV,DELL OptiPlex 3050 AIO,7QSVXK2,Ecole,Directrice Centre,27/07/2021,W10,22H2,Corneilhan
COR-PC006,DELL OptiPlex 7480 AIO,9FCTRB3,Ecole,FABRICE,29/01/2026,W10,20H2,Corneilhan
T430-PB0RK4W,Lenovo 2350B58,PB0RK4W,Ecole,Ecole,01/04/2013,W10,19H1,Corneilhan
DIRECTION-HP,HP Pro3500 Series,CZC3457CMK,Ecole,Elu,10/12/2014,W7,SP1,Corneilhan
CLASSECASTAGNE,HP ProDesk 400 G2.5 SFF,CZC5360HYJ,Ecole,Directrice,X,W10,21H1,Corneilhan
DEKSKTOP-EMVI9L2,OptiPlex 3050 AIO,7RNYXK2,Ecole,Ecole1,27/07/2021,W10,22H2,Corneilhan
P07,Acer TravelMate P256,NXV9MEF001429133F23400,Ecole,P07,X,W7,SP1,Corneilhan
Classe,HP Compaq DC5850,CZC8333Z5Z,Ecole,Classe,22/09/2011,W7,SP1,Corneilhan
COULOBRES0001,DELL OPTIPLEX 7450 AIO,F6HNWL2,Mairie,veroniqueleroy,25/09/2021,W10,21H2,Coulobres
COULOBRES0002,Dell Latitude 5580,CHSHBH2,Mairie,Gerardboyer,25/07/2021,W10,20H2,Coulobres
COULOBRES-MED1,DELL OPTIPLEX 7470 AIO,F1KTB03,Mairie,coulobresmed,20/10/2024,W11,22H2,Coulobres
COULOBRES-MED2,DELL OPTIPLEX 7470 AIO,G1KTB03,Mairie,alisonferret,20/10/2024,W11,22H2,Coulobres
COULOBRES-MED3,DELL OPTIPLEX 7470 AIO,H1KTB03,Mairie,public,20/10/2024,W10,21H2,Coulobres
COULOBRES-MED4,DELL OPTIPLEX 7470 AIO,D1KTB03,Mairie,public,20/10/2024,W10,21H2,Coulobres
COULOBRES0003,HP G1M69EA,5CD408266V,Ecole,classe1,28/04/2015,W10,20H2,Coulobres
COULOBRES0004,Fujitsu Lifebook,DSCE036155,Ecole,classe2,22/02/2013,W10,20H2,Coulobres
COULOBRES-MED5,Fujitsu Lifebook,DSCE027046,Ecole,classe3,22/02/2013,W10,20H2,Coulobres
COULOBRES-MED6,Fujitsu Lifebook,DSCE036152,Ecole,classe4,22/02/2013,W10,20H2,Coulobres
COULOBRES-MED7,Fujitsu Lifebook,DSCE043013,Ecole,classe5,22/02/2013,W10,20H2,Coulobres
ESPOND-PC0001,DELL OptiPlex 7480 AIO,3SKPV63,Mairie,laetitiajardimsantos,18/09/2025,W10,21H2,Espondeilhan
ESPOND-PC0002,DELL OptiPlex 7450 AIO,7S43YK2,Mairie,opheliesoulier,27/07/2021,W10,20H2,Espondeilhan
ESPOND-PC0004,DELL OptiPlex 5490 AIO,JGPYPP3,Mairie,juliefauterdiaz,13/04/2027,W10,21H2,Espondeilhan
ESPOND-PC0005,Lenovo 21E7S3UG00,PF48Q6Z6,Ecole,ecole,01/03/2028,W11,22H2,Espondeilhan
LAPTOP-SLQQBC8D,Lenovo 81YQ,PF2VSD1X,Ecole,Adjoints,Fin Août 2023,W10,21H2,Espondeilhan
PC-SCOL8,DELL Vostro 260,11RB35J,Ecole,Eleves,08/07/2014,W7,SP1,Espondeilhan
ESPON-PC0002,DELL Latitude 3510,CLYJ763,Mairie,Police,14/11/2025,W10,22H2,Espondeilhan
Classe-Mairie,ASUS Eee,MSQ-1025CNE705H,Ecole,Adrien,X,W7,SP1,Espondeilhan
LAPTOP-FL6KQ632,LENOVO IdeaPad5,PF2TXRF5,Ecole,ECOLE2-34290,X,W10,20H2,Espondeilhan
LIEURAN-PC0002,DELL OptiPlex 7470 AIO,7H35Z43,Mairie,maire,13/06/2025,W10,22H2,Lieuran
LIEURAN-PC0003,DELL OptiPlex 7470 AIO,5H35Z43,Mairie,accueil,13/06/2025,W10,22H2,Lieuran
LIEURAN-PC0004,MSI MS-7996,Default string,Mairie,urbanisme,,W10,21H2,Lieuran
LIEURAN-PC0001,DELL OptiPlex 7470 AIO,6H35Z43,Mairie,compta,13/06/2025,W11,22H2,Lieuran
LAPTOP-OFUT1P2N,LENOVO 80QH,PF0PGM2Z,Mairie,Utilisateur,01/12/2018,W10,22H2,Lieuran
ECOLE-PC01,LENOVO 12B0A060FR,MP2DSM8Z,Ecole,ecole,30/04/2028,W11,22H2,Lieuran
LIGNAN-MED-01,DELL OptiPlex 5400 AIO,76D9MW3,Mairie,mediatheque,22/03/2028,W11,22H2,Lignan-sur-Orb
LIGNAN-PC0001,DELL OptiPlex 7470 AIO,4QDST23,Mairie,sophiemas,27/01/2025,W10,20H2,Lignan-sur-Orb
LIGNAN-PC0002,DELL OptiPlex 7470 AIO,5QDST23,Mairie,sandralopez,27/01/2025,W10,20H2,Lignan-sur-Orb
LIGNAN-PC0003,DELL OptiPlex 7470 AIO,6QDST23,Mairie,elus,27/01/2025,W10,20H2,Lignan-sur-Orb
LIGNAN-PC0004,DELL OptiPlex 7470 AIO,9QDST23,Mairie,christianstefanazzi,27/01/2025,W10,20H2,Lignan-sur-Orb
LIGNAN-PC0006,DELL OptiPlex 7470 AIO,HPDST23,Mairie,clairerouquette,27/01/2025,W10,20H2,Lignan-sur-Orb
LIGNAN-PC0008,DELL OptiPlex 7470 AIO,2QDST23,Mairie,nadinefortuno,27/01/2025,W10,20H2,Lignan-sur-Orb
LIGNAN-PC0009,DELL OptiPlex 7470 AIO,1QDST23,Mairie,cathymas,27/01/2025,W10,20H2,Lignan-sur-Orb
LIGNAN-PC0010,DELL OptiPlex 7470 AIO,8QDST23,Mairie,christineespin,27/01/2025,W10,20H2,Lignan-sur-Orb
LIGNAN-PC0011,DELL OptiPlex 7470 AIO,3QDST23,Mairie,isa,27/01/2025,W10,21H2,Lignan-sur-Orb
LIGNAN-PC0011 (HORS DOMAINE),DELL OptiPlex 7470 AIO,78D3813,Mairie,catherinemontaron,02/12/2024,W10,21H2,Lignan-sur-Orb
LIGNAN-PC0012,HP Pro3500 Series,CZC335834R,Mairie,christophefoulgat,04/10/2013,W10,20H2,Lignan-sur-Orb
LIGNAN-PC0013,DELL OptiPlex 5490 AIO,J943FM3,Mairie,culturel,11/01/2027,W11,22H2,Lignan-sur-Orb
LIGNAN-PC0014,DELL OptiPlex 5490 AIO,9B43FM3,Mairie,culturel,11/01/2027,W10,22H2,Lignan-sur-Orb
LIGNAN-PC0016,LENOVO 12CEA06LFR,MP2A4VXE,Mairie,animation,30/12/2028,W11,22H2,Lignan-sur-Orb
LIGNAN-PO0001,DELL Latitude 3500,DNCQKW2,Mairie,coordination,27/01/2025,W10,22H2,Lignan-sur-Orb
LIGNAN-PO0002,DELL Latitude 3520,DPDPFG3,Mairie,marjorie,23/10/2026,W10,22H2,Lignan-sur-Orb
LIGNAN-PO0003,Lenovo 21E7S3UG00,PF48Q70M,Mairie,jeunesse,01/05/2028,W11,22H2,Lignan-sur-Orb
LIGNAN-PO0004,DELL OptiPlex 7470 AIO,9QDST23,Mairie,christianstefanazzi,27/01/2025,W10,20H2,Lignan-sur-Orb
LIGNAN-PO0005,Lenovo 21E7S48000,PF4C7AFJ,Mairie,x,30/06/2028,W11,22H2,Lignan-sur-Orb
LIGNAN-ST-01,DELL OptiPlex 5400 AIO,67J9MW3,Mairie,technique,22/03/2028,W11,22H2,Lignan-sur-Orb
MATERNELLE,ACER Aspire XC-605,DTSRPEF00433906A673000,Mairie,Mater,x,W10,22H2,Lignan-sur-Orb
MEDIATHEQUE-HP,DELL OptiPlex 7470 AIO,7QDST23,Mairie,Mediatheque,27/01/2025,W11,22H2,Lignan-sur-Orb
PRIMAIRE,ACER Aspire XC-603,DTSUMEF002412061A23000,Mairie,Animateurs,x,W10,22H2,Lignan-sur-Orb
SYLVIE-HP,DELL OptiPlex 7470 AIO,JPDST23,Mairie,Sylvie,27/01/2025,W10,22H2,Lignan-sur-Orb
DESKTOP-O1ADPP5,HP 460-a000nf,CNV628067F,Mairie,Public2,x,W10,22H2,Lignan-sur-Orb
DESKTOP-IJFKTGP,HP 460-a000nf,CNV628068V,Mairie,Public1,x,W10,22H2,Lignan-sur-Orb
POSTE4,DELL OptiPlex 3050 AIO,913DDP2,Mairie,Nathalie,29/03/2022,W10,22H2,Lignan-sur-Orb
MSAP-PRO01,DELL OptiPlex 7470 AIO,F3FRK42,Mairie,s.agut,25/08/2024,W11,22H2,Serignan
MSAP-PRO02,DELL OptiPlex 7470 AIO,5QDRK42,Mairie,a.patalano,25/08/2024,W11,22H2,Serignan
MSAP-PRO03,DELL OptiPlex 7470 AIO,3WDRK42,Mairie,v.thomas,25/08/2024,W11,22H2,Serignan
MSAP-PRO04,DELL OptiPlex 7470 AIO,C3FRK42,Mairie,s.agut,25/08/2024,W11,22H2,Serignan
MSAP-PRO05,DELL OptiPlex 7470 AIO,9ZDRK42,Mairie,i.lopez,25/08/2024,W11,22H2,Serignan
MSAP-PUB01,DELL OptiPlex 7470 AIO,BVDRK42,Mairie,a.patalano,25/08/2024,W11,22H2,Serignan
MSAP-PUB02,DELL OptiPlex 7470 AIO,FZDRK42,Mairie,a.patalano,25/08/2024,W11,22H2,Serignan
SERI-PC0004,DELL OptiPlex 7450 AIO,7LRVXK2,Mairie,n.taoutaou,26/07/2021,W10,22H2,Serignan
SERIGNAN-PC0001,DELL OptiPlex 7450 AIO,7PSFWL2,Mairie,PM,18/09/2021,W11,22H2,Serignan
SERIGNAN-PC0003,DELL OptiPlex 7450 AIO,7QF1YK2,Mairie,n.costes,26/07/2021,W10,22H2,Serignan
SERIGNAN-PC0005,DELL Precision 3630 Tower,75RXBS2,Mairie,f.larraillet,29/10/2022,W10,21H1,Serignan
SERIGNAN-PC0006,DELL OptiPlex 7460 AIO,4L1XBS2,Mairie,j.martins,29/10/2022,W11,22H2,Serignan
SERIGNAN-PC0008,DELL Precision 3630 Tower,36K3BW2,Mairie,c.couloumies,04/04/2023,W11,22H2,Serignan
SERIGNAN-PC0009,DELL Latitude 5590,2XJ37Y2,Mairie,s.duplan,17/07/2023,W10,22H2,Serignan
SERIGNAN-PC0010,DELL OptiPlex 7470 AIO,17JB9Z2,Mairie,s.hernandez,23/09/2024,W11,22H2,Serignan
SERIGNAN-PC0011,DELL OptiPlex 7470 AIO,x,Mairie,PM,x,W11,22H2,Serignan
SERIGNAN-PC0012,DELL OptiPlex 7470 AIO,x,Mairie,PM,x,W11,22H2,Serignan
SERIGNAN-PC0014,DELL OptiPlex 7470 AIO,40RWY03,Mairie,Pierre ROMATICO,18/11/2024,W10,22H2,Serignan
SERIGNAN-PC0017,DELL OptiPlex 7470 AIO,9G1QZ23,Mairie,p.bardy,12/02/2025,W11,22H2,Serignan
SERIGNAN-PC0018,DELL OptiPlex 7470 AIO,CG1QZ23,Mairie,v.galvan,12/02/2025,W10,22H2,Serignan
SERIGNAN-PC0019,DELL OptiPlex 7470 AIO,BG1QZ23,Mairie,s.baylac,12/02/2025,W10,22H2,Serignan
SERIGNAN-PC0022,DELL Precision 3630 Tower,4M9QZ23,Mairie,a.negre,11/02/2025,W10,22H2,Serignan
SERIGNAN-PC0023,DELL OptiPlex 7470 AIO,J11T643,Mairie,s.aubry,19/05/2025,W10,22H2,Serignan
SERIGNAN-PC0025,DELL OptiPlex 7470 AIO,58S4V43,Mairie,i.phalip,05/06/2025,W10,22H2,Serignan
SERIGNAN-PC0026,DELL OptiPlex 7470 AIO,JCM3F53,Mairie,c.delgorge,05/06/2025,W10,22H2,Serignan
SERIGNAN-PC0027,DELL OptiPlex 7480 AIO,9JPGY53,Mairie,c.mignard,23/08/2025,W10,21H2,Serignan
SERIGNAN-PC0028,DELL OptiPlex 7480 AIO,7CWRL73,Mairie,n.pourcine,05/11/2025,W10,21H2,Serignan
SERIGNAN-PC0029,DELL OptiPlex 7480 AIO,BDF6T73,Mairie,v.boubert,12/11/2025,W11,22H2,Serignan
SERIGNAN-PC0030,DELL OptiPlex 5480 AIO,CDDSRB3,Mairie,e.camman,29/01/2026,W10,22H2,Serignan
SERIGNAN-PC0031,DELL OptiPlex 7480 AIO,CMH1TB3,Mairie,j.bonhomme,03/02/2026,W10,21H2,Serignan
SERIGNAN-PC0032,DELL OptiPlex 7470 AIO,BR2NZ23,Mairie,m.mirailh,07/02/2025,W10,21H2,Serignan
SERIGNAN-PC0033,DELL OptiPlex 7470 AIO,CT2NZ23,Mairie,lea.bataillon,07/02/2025,W10,21H2,Serignan
SERIGNAN-PC0034,DELL OptiPlex 7470 AIO,5S2NZ23,Mairie,cedricmoulinrenault,07/02/2025,W10,21H2,Serignan
SERIGNAN-PC0035,DELL OptiPlex 7470 AIO,6R2NZ23,Mairie,f.rouvroy,07/02/2025,W11,22H2,Serignan
SERIGNAN-PC0036,DELL OptiPlex 7470 AIO,BT2NZ23,Mairie,mf.sanchez,07/02/2025,W10,21H2,Serignan
SERIGNAN-PC0037,DELL OptiPlex 7470 AIO,3W2NZ23,Mairie,s.riera,07/02/2025,W10,21H2,Serignan
SERIGNAN-PC0038,DELL OptiPlex 7470 AIO,3S2NZ23,Mairie,m.bouyssou,07/02/2025,W10,21H2,Serignan
SERIGNAN-PC0043,DELL Latitude 3510,655XP93,Mairie,f.lombard,25/04/2026,W11,22H2,Serignan
SERIGNAN-PC0048,DELL Latitude 3520,772RLL3,Mairie,m.boudet,05/05/2027,W11,22H2,Serignan
SERIGNAN-PC0049,DELL OptiPlex 5490 AIO,GB43FM3,Mairie,c.delloue,11/01/2027,W11,22H2,Serignan
SERIGNAN-PC0050,DELL OptiPlex 5490 AIO,C943FM3,Mairie,j.cano,11/01/2027,W11,22H2,Serignan
SERIGNAN-PC0053,DELL OptiPlex 5400 AIO,965QMS3,Mairie,ingrid,12/09/2027,W10,22H2,Serignan
SERIGNAN-PC0054,DELL OptiPlex 5400 AIO,D65QMS3,Mairie,g.duboc,12/09/2027,W10,22H2,Serignan
SERIGNAN-PC0055,DELL OptiPlex 5400 AIO,F65QMS3,Mairie,n.julien,12/09/2027,W10,22H2,Serignan
SERIGNAN-PC0056,DELL OptiPlex 5400 AIO,B65QMS3,Mairie,h.bohorques,12/09/2027,W11,22H2,Serignan
SERIGNAN-PC0057,DELL OptiPlex 5400 AIO,C65QMS3,Mairie,s.montserrat,12/09/2027,W11,22H2,Serignan
SERIGNAN-PC0060,DELL OptiPlex 5400 AIO,26D9MW3,Mairie,g.hardy,22/03/2028,W10,22H2,Serignan
SERIGNAN-PC0061,DELL OptiPlex 5400 AIO,77J9MW3,Mairie,e.sergeant,22/03/2028,W10,22H2,Serignan
SERIGNAN-PC0062,DELL OptiPlex 5400 AIO,1BD9MW3,Mairie,m.monsarrat,22/03/2028,W10,22H2,Serignan
SERIGNAN-PC0063,DELL Precision 3660,9ML2VX3,Mairie,a.garcia,20/05/2028,W11,22H2,Serignan
SERIGNAN-PC0065,DELL OptiPlex 5400 AIO,87J9MW3,Mairie,a.rigoreau,22/03/2028,W11,22H2,Serignan
SERIGNAN-PC0067,DELL OptiPlex 5400 AIO,97J9MW3,Mairie,cantine,22/03/2028,W11,22H2,Serignan
SERIGNAN-PC0068,DELL OptiPlex 5400 AIO,J7J9MW3,Mairie,franceservices,22/03/2028,W11,22H2,Serignan
SERIGNAN-PC0069,DELL OptiPlex 5400 AIO,17D9MW3,Mairie,M.HERAIL,22/03/2028,W11,22H2,Serignan
SERIGNAN-PC0070,LENOVO 12B0A060FR,MP2DSM90,Mairie,g.costa,01/06/2028,W11,22H2,Serignan
SERIGNAN-PC0071,LENOVO 12B0A060FR,MP2DSM91,Mairie,s.dumont,01/06/2028,W11,22H2,Serignan
SERIGNAN-PC0072,DELL Latitude 5540,2F9TKS3,Mairie,f.lombard,28/06/2028,W11,22H2,Serignan
SERIGNAN-PC0073,Gateway DT70,x,Mairie,PM,,W7,SP2,Serignan
MAM-POSTE1,Lenovo ThinkCentre Neo,MP2AAFTH,Mairie,Public-Etage,14/01/2029,W11,22H2,Serignan
MAM-POSTE2,Lenovo ThinkCentre Neo,MP2A9CGV,Mairie,Public-Etage,14/01/2029,W11,22H2,Serignan
MAM-POSTE3,Lenovo ThinkCentre Neo,MP2A9CGQ,Mairie,Public-Etage,14/01/2029,W11,22H2,Serignan
MAM-POSTE4,Lenovo ThinkCentre Neo,MP2AAFTG,Mairie,Public-Etage,14/01/2029,W11,22H2,Serignan
MAM-POSTE5,Lenovo ThinkCentre Neo,MP2A9CGT,Mairie,Public-Etage,14/01/2029,W11,22H2,Serignan
MAM-POSTE6,Lenovo ThinkCentre Neo,MP2A9CH3,Mairie,Public-Etage,14/01/2029,W11,22H2,Serignan
MAM-POSTE7,Lenovo ThinkCentre Neo,MP2A9CH2,Mairie,Public-Etage,14/01/2029,W11,22H2,Serignan
MAM-POSTE8,Lenovo ThinkCentre Neo,MP2A9CH5,Mairie,Public-Etage,14/01/2029,W11,22H2,Serignan
MAM-POSTE9,Lenovo ThinkCentre Neo,MP2A9CGY,Mairie,Public,14/01/2029,W11,22H2,Serignan
MAM-POSTE10,Lenovo ThinkCentre Neo,MP2AAFTF,Mairie,Public,14/01/2029,W11,22H2,Serignan
MAM-POSTE11,Lenovo ThinkCentre Neo,MP2A9CH4,Mairie,Public,14/01/2029,W11,22H2,Serignan
MAM-POSTE12,Lenovo ThinkCentre Neo,MP2A9CGP,Mairie,Public,14/01/2029,W11,22H2,Serignan
MAM-POSTE13,Lenovo ThinkCentre Neo,MP2A9CH1,Mairie,v.sebastien,14/01/2029,W11,22H2,Serignan
MAM-POSTE14,Lenovo ThinkCentre Neo,MP2A9CGN,Mairie,j.moreels,14/01/2029,W11,22H2,Serignan
MAM-POSTE15,Lenovo ThinkCentre Neo,MP2A9CGR,Mairie,c.gertsch,14/01/2029,W11,22H2,Serignan
MAM-POSTE16,Lenovo ThinkCentre Neo,MP2A9CH0,Mairie,a.fernex,14/01/2029,W11,22H2,Serignan
MAM-POSTE17,Lenovo ThinkCentre Neo,MP2A9CGX,Mairie,a.agut,14/01/2029,W11,22H2,Serignan
MAM-POSTE18,Lenovo ThinkCentre Neo,MP2AAFTJ,Mairie,imageson,14/01/2029,W11,22H2,Serignan
MAM-POSTE19,Lenovo ThinkCentre Neo,MP2A9CGZ,Mairie,accueil,14/01/2029,W11,22H2,Serignan
MAM-POSTE20,Lenovo ThinkCentre Neo,MP2A9CGS,Mairie,litérrature,14/01/2029,W11,22H2,Serignan
MAM-POSTE21,Lenovo ThinkCentre Neo,MP2A9CGP,Mairie,l.giavarina,14/01/2029,W11,22H2,Serignan
MAM-POSTE22,Lenovo Thinkpad,PF4MT7BK,Mairie,jf.marty,06/12/2027,W11,22H2,Serignan
MAM-POSTE23,Lenovo Thinkpad,PF4MT7BM,Mairie,e.herrero,06/12/2027,W11,22H2,Serignan
SERIGNAN-ECOLE1,Lenovo IdeaPad 3,PF24BT6L,Ecole,Directeur,23/01/2023,W10,22H2,Serignan
SERIGNAN-ECOLE2,Lenovo Thinkpad,x,Ecole,Professeur,,W10,21H1,Serignan
SERIGNAN-ECOLE3,Lenovo Thinkpad,x,Ecole,Professeur,,W10,21H1,Serignan
SERIGNAN-ECOLE4,Lenovo Thinkpad,x,Ecole,Professeur,,W10,21H1,Serignan
SERIGNAN-ECOLE5,Lenovo Thinkpad,x,Ecole,Professeur,,W10,21H1,Serignan
SERIGNAN-ECOLE6,Lenovo Thinkpad,x,Ecole,Professeur,,W10,21H1,Serignan
SERIGNAN-ECOLE7,Lenovo Thinkpad,x,Ecole,Professeur,,W10,21H1,Serignan
SERIGNAN-ECOLE8,Lenovo Thinkpad,x,Ecole,Professeur,,W10,21H1,Serignan
SERIGNAN-ECOLE9,Lenovo Thinkpad,x,Ecole,Professeur,,W10,21H1,Serignan
SERIGNAN-ECOLE10,Lenovo Thinkpad,x,Ecole,Professeur,,W10,21H1,Serignan
SERIGNAN-ECOLE11,Lenovo Thinkpad,x,Ecole,Professeur,,W10,21H1,Serignan
SERIGNAN-ECOLE12,Lenovo Thinkpad,x,Ecole,Professeur,,W10,21H1,Serignan
SERIGNAN-ECOLE13,Lenovo Thinkpad,x,Ecole,Professeur,,W10,21H1,Serignan
SERIGNAN-ECOLE14,Lenovo Thinkpad,x,Ecole,Professeur,,W10,21H1,Serignan
SERIGNAN-ECOLE15,Lenovo Thinkpad,x,Ecole,Professeur,,W10,21H1,Serignan
SERIGNAN-ECOLE16,Lenovo Thinkpad,x,Ecole,Professeur,,W10,21H1,Serignan
SERIGNAN-ECOLE17,Lenovo Thinkpad,x,Ecole,Professeur,,W10,21H1,Serignan
SERIGNAN-ECOLE18,Lenovo Thinkpad,x,Ecole,Professeur,,W10,21H1,Serignan
MONTBLANC-EC008,LENOVO 21E7S48000,PF4C7AFM,Ecole,ecole,01/06/2028,W11,22H2,Montblanc
MONTBLANC-PC004,DELL OptiPlex 7450 AIO,DTT8JN2,Mairie,stephaniesanz,20/02/2022,W10,22H2,Montblanc
MONTBLANC-PC014,DELL OptiPlex 7460 AIO,99RXZR2,Mairie,mylenebarrera,19/09/2022,W10,22H2,Montblanc
MONTBLANC-PC015,DELL OptiPlex 7460 AIO,95B0GV2,Mairie,sylviefavier,17/02/2023,W10,22H2,Montblanc
MONTBLANC-PC016,DELL OptiPlex 7470 AIO,D8V1F53,Mairie,katiaserroen,08/07/2025,W10,21H2,Montblanc
MONTBLANC-PC020,DELL OptiPlex 5490 AIO,9943FM3,Mairie,oliviertraiteur,11/01/2027,W10,22H2,Montblanc
MONTBLANC-PC021,DELL OptiPlex 5400 AIO,C7J9MW3,Mairie,murielcarillorota,22/03/2028,W11,22H2,Montblanc
MONTBLANC-PC022,DELL OptiPlex 5400 AIO,H6D9MW3,Mairie,sandravergne,22/03/2028,W11,22H2,Montblanc
DESKTOP-NGUC27C,ASUS X75A1,D1N0CX18469503G,Mairie,Utilisateur,X,W10,22H2,Montblanc
PORTABLEMEDIA1,HP Pavillon 17 NoteBook,5CD4070YNP,Mairie,Mediatheque,17/05/2015,W10,19H1,Montblanc
MONTBLANC-MED1,DELL OptiPlex 7470 AIO,D5C7233,Mairie,Delphine,22/02/2025,W10,22H2,Montblanc
PC-UTILISATEUR,ASUS X75A1,D1N0CX184707034,Mairie,Utilisateur,x,W10,21H2,Montblanc
MONTBLANC-EC001,Dell Latitude 3510,4NLX663,Ecole,classe1,24/10/2025,W10,22H2,Montblanc
MONTBLANC-EC002,Dell Latitude 3510,J3LPSL3,Ecole,classe2,25/07/2026,W10,22H2,Montblanc
MONTBLANC-EC003,Dell Latitude 3510,FZZR003,Ecole,classe3,16/07/2025,W10,22H2,Montblanc
MONTBLANC-EC004,Dell Latitude 3510,DZZR003,Ecole,classe4,16/07/2025,W10,22H2,Montblanc
MONTBLANC-EC005,Dell Latitude 3510,G3LPSL3,Ecole,classe5,25/07/2026,W10,22H2,Montblanc
MONTBLANC-EC006,Dell Latitude 3510,H3LPSL3,Ecole,classe6,25/07/2026,W10,22H2,Montblanc
MONTBLANC-EC007,Dell Latitude 3510,8KHNLQ2,Ecole,directeur,03/07/2022,W10,22H2,Montblanc
MONTBLANC-EC009,Dell Latitude 3510,GZZR003,Ecole,classe1-mater,16/07/2025,W10,22H2,Montblanc
MONTBLANC-EC010,Dell Optiplex 7450 AIO,84SVKQ2,Ecole,classe2-mater,03/07/2022,W10,22H2,Montblanc
JM-PO002,Lenovo 21E7S0BG00,PF4BGF75,Ecole,ecole,01/04/2027,W11,22H2,Servian
SERV-ALP-002,DELL OptiPlex 5400 AIO,B7J9MW3,Mairie,directrice,22/03/2028,W11,22H2,Servian
SERV-PC0003,DELL OptiPlex 7450 AIO,7PV1YK2,Mairie,tech,27/01/2021,W10,1709,Servian
SERVIAN-JM-01,DELL OptiPlex 5400 AIO,C6D9MW3,Ecole,direction,22/03/2028,W11,22H2,Servian
SERVIAN-PO001,DELL Latitude 3500,CXWVZZ2,Mairie,davoise,03/07/2025,W10,21H1,Servian
SERVIAN-PO002,DELL Latitude 3500,FXWVZZ2,Mairie,maire,03/07/2025,W10,21H1,Servian
SERVIAN-PO005,DELL Latitude 3510,JYV65B3,Mairie,reunion,17/08/2026,W10,20H2,Servian
SERVIAN-PC0001,DELL OptiPlex 7450 AIO,7LNXXK2,Mairie,Radija,26/07/2021,W10,22H2,Servian
SERVIAN-PC0002,DELL Precision 3630 Tower,6Y25BS2,Mairie,communication,17/10/2022,W10,20H2,Servian
SERVIAN-PC0003,DELL OptiPlex 7460 AIO,1SBV4S2,Mairie,nathalie,15/10/2022,W10,21H2,Servian
SERVIAN-PC0004,DELL OptiPlex 7470 AIO,4MDST23,Mairie,franck,27/01/2025,W10,21H1,Servian
SERVIAN-PC0005,DELL OptiPlex 7470 AIO,1MDST23,Mairie,Agentd,27/01/2025,W10,21H1,Servian
SERVIAN-PC0006,DELL OptiPlex 7470 AIO,2MDST23,Mairie,Agentp,27/01/2025,W10,20H2,Servian
SERVIAN-PC0007,DELL OptiPlex 7470 AIO,5MDST23,Mairie,Katia,27/01/2025,W10,21H2,Servian
SERVIAN-PC0008,DELL OptiPlex 7470 AIO,3MDST23,Mairie,dgmediatheque,27/01/2025,W10,21H2,Servian
SERVIAN-PC0009,DELL OptiPlex 7470 AIO,43SFD53,Mairie,nathalie,01/07/2025,W10,21H2,Servian
SERVIAN-PC0010,DELL OptiPlex 7470 AIO,53SFD53,Mairie,benedicte,01/07/2025,W10,21H2,Servian
SERVIAN-PC0011,DELL OptiPlex 7470 AIO,33SFD53,Mairie,administration,01/07/2025,W10,21H1,Servian
SERVIAN-PC0012,DELL OptiPlex 7470 AIO,63SFD53,Mairie,kathy,01/07/2025,W10,21H1,Servian
SERVIAN-PC0013,DELL OptiPlex 7470 AIO,73SFD53,Mairie,beatrice,01/07/2025,W10,21H1,Servian
SERVIAN-PC0014,DELL OptiPlex 7470 AIO,23SFD53,Mairie,Police,01/07/2025,W10,20H2,Servian
SERVIAN-PC0015,DELL OptiPlex 5490 AIO,1843FM3,Mairie,accueil,11/01/2027,W10,21H2,Servian
SERVIAN-PC0016,DELL OptiPlex 5490 AIO,CB43FM3,Mairie,tech,11/01/2027,W10,20H2,Servian
SERVIAN-PC0017,DELL OptiPlex 7480 AIO,26SZ0H3,Mairie,bibliotheque,10/08/2026,W10,20H2,Servian
SERVIAN-PC0018,DELL OptiPlex 7480 AIO,16SZ0H3,Mairie,mediatheque,10/08/2026,W10,21H2,Servian
SERVIAN-PC0019,DELL OptiPlex 5490 AIO,JB43FM3,Mairie,Nadine,11/01/2027,W10,21H2,Servian
SERVIAN-PC0020,DELL OptiPlex 5400 AIO,865QMS3,Mairie,evenementiel,12/09/2027,W10,22H2,Servian
SERVIAN-PC0021,DELL OptiPlex 5400 AIO,J6D9MW3,Mairie,Radija,22/03/2028,W11,22H2,Servian
SERVIAN-PC0022,DELL Latitude 3500,CXWVZZ2,Mairie,davoise,03/07/2025,W10,21H1,Servian
SERVIAN-PC0023,Dell Optiplex 7410 AIO,FYG7V04,Ecole,marionstroher,11/12/2026,W11,22H2,Servian
SERVIAN-ECOLE1,,,Ecole,Prof,,W10,20H2,Servian
SERVIAN-ECOLE2,,,Ecole,Prof,,W10,20H2,Servian
SERVIAN-ECOLE3,,,Ecole,Prof,,W10,20H2,Servian
SERVIAN-ECOLE4,,,Ecole,Prof,,W10,20H2,Servian
SERVIAN-ECOLE5,,,Ecole,Prof,,W10,20H2,Servian
SERVIAN-ECOLE6,,,Ecole,Prof,,W10,20H2,Servian
SERVIAN-ECOLE7,,,Ecole,Prof,,W10,20H2,Servian
SERVIAN-ECOLE8,,,Ecole,Prof,,W10,20H2,Servian
SERVIAN-ECOLE9,,,Ecole,Prof,,W10,20H2,Servian
SERVIAN-ECOLE10,,,Ecole,Prof,,W10,20H2,Servian
SERVIAN-ECOLE11,,,Ecole,Prof,,W10,20H2,Servian
SERVIAN-ECOLE12,,,Ecole,Prof,,W10,20H2,Servian
SERVIAN-ECOLE13,,,Ecole,Prof,,W10,20H2,Servian
SERVIAN-ECOLE14,,,Ecole,Prof,,W10,20H2,Servian
SERVIAN-ECOLE15,,,Ecole,Prof,,W10,20H2,Servian
SERVIAN-ECOLE16,,,Ecole,Prof,,W10,20H2,Servian
SERVIAN-ECOLE17,,,Ecole,Prof,,W10,20H2,Servian
SERVIAN-ECOLE18,,,Ecole,Prof,,W10,20H2,Servian
SERVIAN-ECOLE19,,,Ecole,Prof,,W10,20H2,Servian
SERVIAN-ECOLE20,,,Ecole,Prof,,W10,20H2,Servian
SERVIAN-ECOLE21,,,Ecole,Prof,,W10,20H2,Servian
SERVIAN-ECOLE22,,,Ecole,Eleve,,W10,20H2,Servian
SERVIAN-ECOLE23,,,Ecole,Eleve,,W10,20H2,Servian
SERVIAN-ECOLE24,,,Ecole,Eleve,,W10,20H2,Servian
SERVIAN-ECOLE25,,,Ecole,Eleve,,W10,20H2,Servian
SERVIAN-ECOLE26,,,Ecole,Eleve,,W10,20H2,Servian
SERVIAN-ECOLE27,,,Ecole,Eleve,,W10,20H2,Servian
SERVIAN-ECOLE28,,,Ecole,Eleve,,W10,20H2,Servian
SERVIAN-ECOLE29,,,Ecole,Eleve,,W10,20H2,Servian
SERVIAN-ECOLE30,,,Ecole,Eleve,,W10,20H2,Servian
SERVIAN-ECOLE31,,,Ecole,Eleve,,W10,20H2,Servian
SERVIAN-ECOLE32,,,Ecole,Eleve,,W10,20H2,Servian
SERVIAN-ECOLE33,,,Ecole,Eleve,,W10,20H2,Servian
SERVIAN-ECOLE34,,,Ecole,Eleve,,W10,20H2,Servian
SERVIAN-ECOLE35,,,Ecole,Eleve,,W10,20H2,Servian
SERVIAN-ECOLE36,,,Ecole,Eleve,,W10,20H2,Servian
SERVIAN-ECOLE37,,,Ecole,Eleve,,W10,20H2,Servian
SERVIAN-ECOLE38,,,Ecole,Eleve,,W10,20H2,Servian
SERVIAN-ECOLE39,,,Ecole,Eleve,,W10,20H2,Servian
SERVIAN-ECOLE40,,,Ecole,Eleve,,W10,20H2,Servian
SERVIAN-ECOLE41,,,Ecole,Eleve,,W10,20H2,Servian
SERVIAN-ECOLE42,,,Ecole,Eleve,,W10,20H2,Servian
SERVIAN-ECOLE43,,,Ecole,Eleve,,W10,20H2,Servian
SERVIAN-ECOLE44,,,Ecole,Eleve,,W10,20H2,Servian
SERVIAN-ECOLE45,,,Ecole,Eleve,,W10,20H2,Servian
SERVIAN-ECOLE46,,,Ecole,Eleve,,W10,20H2,Servian
SERVIAN-ECOLE47,,,Ecole,Eleve,,W10,20H2,Servian
SERVIAN-ECOLE48,,,Ecole,Eleve,,W10,20H2,Servian
SERVIAN-ECOLE49,,,Ecole,Eleve,,W10,20H2,Servian
SERVIAN-ECOLE50,,,Ecole,Eleve,,W10,20H2,Servian
SERVIAN-ECOLE51,,,Ecole,Eleve,,W10,20H2,Servian
PCMOTTES,HP ProDesk 490 G3 MT Business PC,CZC63580RP,Mairie,gilles.mottes,02/10/2018,W10,1709,Valras-Plage
VALRAS-PC0001,DELL OptiPlex 7450 AIO,BBJQDN2,Mairie,X,31/01/2022,W10,22H2,Valras-Plage
VALRAS-PC0002,DELL OptiPlex 7460 AIO,1HPV5W2,Mairie,marie-christine.roux,30/03/2023,W10,22H2,Valras-Plage
VALRAS-PC0005,DELL OptiPlex 7480 AIO,8ZDHH93,Mairie,laure.galby,29/12/2025,W10,22H2,Valras-Plage
VALRAS-PC0009,Alienware Aurora R13,5YGJWP3,Mairie,X,23/04/2026,W11,22H2,Valras-Plage
VALRAS-PC0012,LENOVO 21BUS18L00,PF4556WD,Mairie,herve.robin,28/02/2026,W10,22H2,Valras-Plage
VALRAS-PC0013,LENOVO 21E7S3UG00,PF48Q701,Mairie,remi.teillet,31/03/2028,W11,22H2,Valras-Plage
VALRAS-PC0014,DELL OptiPlex 5400 AIO,18J9MW3,Mairie,cathy.boqueras,22/03/2028,W11,22H2,Valras-Plage
VALRAS-PC0015,DELL OptiPlex 5400 AIO,D7J9MW3,Mairie,yann.emile,22/03/2028,W11,22H2,Valras-Plage
VALRAS-PC0016,DELL Precision 3660,J10RH04,Mairie,communication,17/11/2026,W11,22H2,Valras-Plage
VALRAS-PC0006,DELL OptiPlex 7470 AIO,7R2NZ23,Mairie,marc.costantini,07/02/2025,W11,22H2,Valras-Plage
VALRAS-PO002,DELL Precision 7750,BWD1R73,Mairie,X,05/11/2025,W10,20H2,Valras-Plage
VALRAS-PO006,DELL XPS 15 9530,71YW9Y3,Mairie,marco.zitouni,17/09/2027,W11,22H2,Valras-Plage
VALRAS-PO007,DELL Precision 5680,GGDW9Y3,Mairie,sebastien.campillo,17/09/2028,W11,22H2,Valras-Plage
VALRAS-PO008,LENOVO 21ENS0RR00,PF4N5FRA,Mairie,stephane.reynes,13/12/2028,W11,22H2,Valras-Plage
VALRAS-PO009,Lenovo E16,PF4P7RY2,Mairie,PM,01/11/2026,W11,22631,Valras-Plage
VALRAS-PO011,Lenovo E16,PF4QD8WR,Mairie,veronique.sanchez,20/12/2026,W11,22H2,Valras-Plage
VALRAS-PO010,Lenovo E16,PF4QD110,Mairie,Sandrine.sant,20/12/2026,W11,22H2,Valras-Plage
TSE-PALAISMER1,HP TPC-W053-TC,CZC13BC3JZ,Mairie,christel.fabre,25/10/2014,TSE,,Valras-Plage
TSE-PALAISMER2,HP TPC-W053-TC,CZC1333D22,Mairie,alice.leveque,17/09/2014,TSE,,Valras-Plage
TSE-POSTESECOURS,HP,x,Mairie,CRS,x,TSE,,Valras-Plage
TSE-CCAS1,HP TPC-W053-TC,8CG2133C72,Mairie,elodie.vialelle,01/05/2025,TSE,,Valras-Plage
TSE-CCAS2,HP TPC-W053-TC,8CG2133C70,Mairie,deborah.criz,01/05/2025,TSE,,Valras-Plage
TSE-CCAS3,HP TPC-W053-TC,8CG2133C74,Mairie,haude.vigneron,01/05/2025,TSE,,Valras-Plage
TSE-CCAS4,HP TPC-W053-TC,8CG2133C73,Mairie,camille.schwartz,01/05/2025,TSE,,Valras-Plage
TSE-ENFANCE1,HP TPC-W053-TC,8CG0500ZQ1,Mairie,florence.lacas,01/05/2025,TSE,,Valras-Plage
TSE-ENFANCE2,HP t5570e,CZC136C3JY,Mairie,reserve,12/10/2014,TSE,,Valras-Plage
TSE-ENFANCE3,HP TPC-W053-TC,8CG2133C79,Mairie,bruno.dalmoro,01/05/2025,TSE,,Valras-Plage
TSE-ENFANCE4,HP,X,Mairie,corinne.martins,,TSE,,Valras-Plage
TSE-ENFANCE5,HP,X,Mairie,sylvain.dalere,,TSE,,Valras-Plage
TSE-ENFANCE6,HP t5570e,CZC13809ZP,Mairie,yann.jiroussans,19/10/2014,TSE,,Valras-Plage
TSE-ENFANCE7,HP TPC-W053-TC,8CG151CBTP,Mairie,grandjean,03/02/2025,TSE,,Valras-Plage
PCCARRIERE,X,PCBRIERA,Mairie,yoan.carriere,x,W8,,Valras-Plage
TSE-MAIRIE4,HP T430,8CG151CBSL,Mairie,celine.massol,03/02/2025,TSE,,Valras-Plage
TSE-MAIRIE6,HP TPC-W053-TC,CZC138236F,Mairie,raymonde.lebail,19/10/2014,TSE,,Valras-Plage
TSE-MAIRIE7,HP T430,8CG151CBTS,Mairie,severine.martos,03/02/2025,TSE,,Valras-Plage
TSE-MAIRIE8,HP t5570e,CZC13728LJ,Mairie,maire,13/10/2014,TSE,,Valras-Plage
TSE-MAIRIE9,HP T430,8CG151CBVB,Mairie,nina.bouteffah,03/02/2025,TSE,,Valras-Plage
TSE-PM1,HP TPC-W053-TC,8CG3073D7K,Mairie,patricia.pierre,09/03/2026,TSE,,Valras-Plage
TSE-PM2,HP t5570e,CZC13728LM,Mairie,reserve,13/10/2014,TSE,,Valras-Plage
TSE-PM3,HP T540,x,Mairie,reserve,,TSE,,Valras-Plage
TSE-PM3,HP T540,x,Mairie,reserve,,TSE,,Valras-Plage
VALROS-PO0008,LENOVO 21E7S48000,PF4C7AG5,Mairie,mathildealonso,01/06/2028,W11,22H2,Valros
VALROS-PO0007,DELL Latitude 5520,GZ7GQ93,Mairie,christopheolive,29/04/2026,W11,21H2,Valros
VALROS-PC0011,DELL OptiPlex 7460 AIO,7S3XBS2,Mairie,christopheolive,29/10/2022,W10,1803,Valros
VALROS-PC0015,DELL OptiPlex 5480 AIO,C7W11D3,Mairie,beatricepena,09/04/2026,W10,22H2,Valros
VALROS-PC0001,Lenovo 10CX001,S10032TH,Mairie,beatricepena,X,W7,SP1,Valros
VALROS-PC0012,DELL OptiPlex 7470 AIO,1Y72703,Mairie,melanievidal,13/10/2024,W10,20H2,Valros
VALROS-PC0013,DELL OptiPlex 7470 AIO,DJC1133,Mairie,x,19/02/2025,W10,20H2,Valros
VALROS-PC0002,DELL OptiPlex 7450 AIO,7S22YK2,Mairie,michelloup,27/07/2021,W10,20H2,Valros
VALROS-PC0010,DELL OptiPlex 7450 AIO,6LHJWL2,Mairie,mathildealonso,18/09/2021,W10,20H2,Valros
VALROS-PO0005,DELL Latitude 5580,6NYFBH2,Mairie,x,25/07/2021,W10,22H2,Valros
VALROS-PC0014,Lenovo 10B8003TFR,S10024R8,Mairie,centreloisirs,X,W7,SP1,Valros
VALROS-PC0016,DELL OptiPlex 5490 AIO,3943FM3,Mairie,x,11/01/2027,W10,21H1,Valros
VALROS-PO0006,DELL Latitude 3510,3CLSG63,Mairie,x,29/01/2026,W10,21H2,Valros
ECOLE1,DELL Latitude 5580,JSM1GH2,Ecole,Classe2,30/08/2021,W10,20H2,Valros
ECOLE2,Lenovo 2522,R8M59P2,Ecole,Classe5,30/12/2013,W10,20H2,Valros